,Models,Descriptions,col,MSE,MAE,Accuracy,W_precision,W_recall,W_F1score,M_precision,M_recall,M_F1score
0,GPT35turbo,GPT4,av,0.2506281407035176,0.18090452261306533,0.8795580110497238,0.8767184791922867,0.8795580110497238,0.8776668934859669,0.6504030832482728,0.6441763816674115,0.6434544451230574
1,GPT35turbo,GPT4,ac,0.13033919597989949,0.13033919597989949,0.928964325003929,0.914456972371902,0.928964325003929,0.9176830222794341,0.7540139761525406,0.630908015380065,0.6681535517708317
2,GPT35turbo,GPT4,pr,0.7250314070351759,0.3908605527638191,0.7969216271399403,0.7899611820111915,0.7969216271399403,0.7897885538452081,0.7111293692672048,0.6716957766565385,0.687593197702312
3,GPT35turbo,GPT4,ui,0.17478015075376885,0.17478015075376885,0.85,0.849334440977942,0.85,0.8496112378187851,0.8369683543481024,0.8334927858244014,0.8351648351648352
4,GPT35turbo,GPT4,s,0.1670854271356784,0.1670854271356784,0.9315391879131256,0.9311263986046086,0.9315391879131256,0.9313221958423596,0.8801590598647797,0.8753695805981088,0.877737918602619
5,GPT35turbo,GPT4,c,0.8304020100502513,0.47110552763819097,0.8159383841559258,0.8157166297334574,0.8159383841559258,0.811186229365766,0.8075129294435385,0.7532270042670189,0.7742560102201784
6,GPT35turbo,GPT4,i,0.6695979899497487,0.40891959798994976,0.808316270278784,0.814908080537738,0.808316270278784,0.8047931064148379,0.8197266373119126,0.7724384940716811,0.7895257515187278
7,GPT35turbo,GPT4,a,0.22675879396984924,0.198178391959799,0.8238993710691824,0.8189380638397195,0.8238993710691824,0.8173568619061182,0.6499965503442756,0.5836477481137522,0.6017893061886985
