,Models,Descriptions,col,MSE,MAE,Accuracy,W_precision,W_recall,W_F1score,M_precision,M_recall,M_F1score
0,GPT35turbo,Original,av,0.2506281407035176,0.18090452261306533,0.8716939546599496,0.8688085502904845,0.8716939546599496,0.8693198980624951,0.6453319864019631,0.6376646689151425,0.6397012099359399
1,GPT35turbo,Original,ac,0.13033919597989949,0.13033919597989949,0.9347894406033941,0.923900116559698,0.9347894406033941,0.925877565400667,0.7897973451174674,0.6648611254806993,0.706376858352677
2,GPT35turbo,Original,pr,0.7250314070351759,0.3908605527638191,0.7934338674206723,0.7874810377254362,0.7934338674206723,0.7883846830836603,0.7009396814417815,0.6756497968149594,0.6862286530313936
3,GPT35turbo,Original,ui,0.17478015075376885,0.17478015075376885,0.8569184859431443,0.8555326916143924,0.8569184859431443,0.8551700369246157,0.8494657751281893,0.8327710629850722,0.839860847161443
4,GPT35turbo,Original,s,0.1670854271356784,0.1670854271356784,0.9423228037089423,0.941792447761319,0.9423228037089423,0.942029833751045,0.9004345052531346,0.8923800786526255,0.8963373710582243
5,GPT35turbo,Original,c,0.8304020100502513,0.47110552763819097,0.8388871424080477,0.8371698157886976,0.8388871424080477,0.8373795068882859,0.8202315648471147,0.7998631444035603,0.8092673946919401
6,GPT35turbo,Original,i,0.6695979899497487,0.40891959798994976,0.8108661417322834,0.8169661467116935,0.8108661417322834,0.8073775790257866,0.811440820523115,0.7857764151668768,0.7921392700984655
7,GPT35turbo,Original,a,0.22675879396984924,0.198178391959799,0.8291954745443118,0.8219011515681235,0.8291954745443118,0.8241424250781094,0.6425851841314484,0.5894245744541492,0.6037764323284497
