,Models,Descriptions,col,MSE,MAE,Accuracy,W_precision,W_recall,W_F1score,M_precision,M_recall,M_F1score
0,GPT4,GPT4,av,0.2506281407035176,0.18090452261306533,0.8489321608040201,0.851477800828032,0.8489321608040201,0.8496904201169018,0.6461542440821558,0.6242272936616557,0.6328337542350086
1,GPT4,GPT4,ac,0.13033919597989949,0.13033919597989949,0.8696608040201005,0.8782839911630169,0.8696608040201005,0.8738587363341972,0.5638872491145218,0.5726888057727908,0.5677500502954757
2,GPT4,GPT4,pr,0.7250314070351759,0.3908605527638191,0.7762248743718593,0.7813765618091034,0.7762248743718593,0.7512878181888799,0.7538037591216025,0.6227613789223571,0.6571076520213371
3,GPT4,GPT4,ui,0.17478015075376885,0.17478015075376885,0.8252198492462312,0.8242376972624333,0.8252198492462312,0.8246431376931459,0.8096924940738084,0.8056313621765492,0.80756149073986
4,GPT4,GPT4,s,0.1670854271356784,0.1670854271356784,0.8329145728643216,0.8608936245596885,0.8329145728643216,0.7591479072643914,0.9162732137236387,0.5064935064935064,0.46713174607369046
5,GPT4,GPT4,c,0.8304020100502513,0.47110552763819097,0.7085427135678392,0.7312347727905312,0.7085427135678392,0.6507463703305844,0.7599029325367624,0.5487791508383532,0.5576906397229949
6,GPT4,GPT4,i,0.6695979899497487,0.40891959798994976,0.7214195979899497,0.7405261610511044,0.7214195979899497,0.6744876666454522,0.7595138173608822,0.5984149222763399,0.5872853149318474
7,GPT4,GPT4,a,0.22675879396984924,0.198178391959799,0.8161118090452262,0.8076742026380883,0.8161118090452262,0.8103785443920145,0.6356650952520712,0.5730978858398299,0.5857349790247489
