,Models,Descriptions,col,MSE,MAE,Accuracy,W_precision,W_recall,W_F1score,M_precision,M_recall,M_F1score
0,GPT4,Original,av,0.3178391959798995,0.21105527638190955,0.8310301507537688,0.8419058046876521,0.8310301507537688,0.8345855355167203,0.5740294228240655,0.5975162655671705,0.5783786221849773
1,GPT4,Original,ac,0.13159547738693467,0.13159547738693467,0.8684045226130653,0.8779937677093579,0.8684045226130653,0.8730616546773159,0.5624842156386596,0.5720087649703427,0.5665996471322429
2,GPT4,Original,pr,0.7160804020100503,0.3866206030150754,0.778109296482412,0.7870588768968362,0.778109296482412,0.7530394958968494,0.7558863096597938,0.6320206122164406,0.6618610984771741
3,GPT4,Original,ui,0.18310301507537688,0.18310301507537688,0.8168969849246231,0.8144697500174793,0.8168969849246231,0.8148117652891407,0.8031466991756537,0.789630431167774,0.7953566660900893
4,GPT4,Original,s,0.16331658291457288,0.16331658291457288,0.8366834170854272,0.8556310374721113,0.8366834170854272,0.7684323822971608,0.8941481113469731,0.5183638397789087,0.49094844549390004
5,GPT4,Original,c,0.7010050251256281,0.4042085427135678,0.7441896984924623,0.7598598164157682,0.7441896984924623,0.7170555042550855,0.7835570314636678,0.6143896205554586,0.6528488328893877
6,GPT4,Original,i,0.4271356783919598,0.33040201005025127,0.717964824120603,0.7358306678987889,0.717964824120603,0.6921259566748653,0.7095700207704124,0.624260643070534,0.6100029857201278
7,GPT4,Original,a,0.22000628140703518,0.1873429648241206,0.8289886934673367,0.8377088609714228,0.8289886934673367,0.8282214421035531,0.6333156112750552,0.6214303593023316,0.6214452183735888
