,Model,col,MSE,MAE,Accuracy,W_precision,W_recall,W_F1score,M_precision,M_recall,M_F1score
0,GradientBoostingClassifier,av,0.15573122529644268,0.12094861660079051,0.8948616600790514,0.8927668934498224,0.8948616600790514,0.8905757932161162,0.8178062876360244,0.6301464066633199,0.6749689595002434
1,GradientBoostingClassifier,ac,0.06210691823899371,0.06210691823899371,0.9378930817610063,0.9319718604483938,0.9378930817610063,0.9235707415140857,0.8847788428224969,0.6395927601809954,0.6952683626527252
2,GradientBoostingClassifier,pr,0.5758051846032993,0.3087195600942655,0.8248232521602514,0.8250871481762927,0.8248232521602514,0.8157984423256852,0.8429152729080186,0.697678992776377,0.7472419577138515
3,GradientBoostingClassifier,ui,0.13050314465408805,0.13050314465408805,0.8694968553459119,0.8719758818443718,0.8694968553459119,0.8659287554215012,0.8769621055969559,0.8376705335680807,0.8515752625437574
4,GradientBoostingClassifier,s,0.05275590551181102,0.05275590551181102,0.947244094488189,0.9458560713390443,0.947244094488189,0.9454996062636234,0.9267371718330827,0.873736962190352,0.8974417693675234
5,GradientBoostingClassifier,c,0.3867924528301887,0.23427672955974843,0.8419811320754716,0.8411433909500428,0.8419811320754716,0.837745922392459,0.8369383083567312,0.7743142398805404,0.8006752144589115
6,GradientBoostingClassifier,i,0.30386740331491713,0.20757695343330704,0.840568271507498,0.8409421527146612,0.840568271507498,0.8403053575022525,0.8328004488116796,0.8326223057410469,0.8322320004906171
7,GradientBoostingClassifier,a,0.16037735849056603,0.13679245283018868,0.875,0.8714211728201973,0.875,0.868858520887735,0.8030930547964615,0.6176472560934713,0.6347108371066521
